Payload ID,Mass,Target_radius,Target_inclination
101,122,6441879,0.20345748652917603
102,69,6462896,0.371623933032757
103,182,6472402,1.3867568930847247
104,32,6572947,0.7987670502252134
105,166,6586030,0.1622975439597821
106,175,6618626,0.7171640821850902
107,256,6519624,0.30198621682834415
108,37,6598161,0.02212921920989811
109,227,6600227,1.3144272390963745
110,226,6513570,0.9612056909177614
111,190,6578457,0.10034317363735198
112,269,6508096,0.24761947740376775
